en_text,pl_text,cot,cot_few_shot,chrf_cot,bleu_cot,bertscore_cot,comet_cot,chrf_cot_few_shot,bleu_cot_few_shot,bertscore_cot_few_shot,comet_cot_few_shot
"I am the best artist, are you a good artist?","Jestem najlepszym artystą, czy ty jesteś dobrą artystką?","Jestem najlepszym artystą, czy ty jesteś dobrą artystką?","Jestem najlepszym artystą. A Ty, czy jesteś dobrą artystką?",1.0,1.0,1.0,0.9843007922172546,0.8681495022426876,0.1561969968460128,0.9349486231803894,0.9648504853248596
"I am the best artist, are you a good artist?","Jestem najlepszą artystką, czy ty jesteś dobrym artystą?","Jestem najlepszą artystką, czy ty jesteś dobrym artystą?","Jestem najlepszą artystką, a ty jesteś dobrym artystą?",1.0,1.0,1.0,0.9825833439826965,0.8840092466090148,0.5,0.9729660749435425,0.9529237747192383
"I am the best artist, are you a good artist?","Jestem najlepszym artystą, czy ty jesteś dobrym artystą?","Jestem najlepszym artystą, czy ty jesteś dobrym artystą?","Jestem najlepszym artystą, a ty jesteś dobrym artystą?",1.0,1.0,1.0,0.9830886721611023,0.8840092466090148,0.5,0.9765695929527283,0.9568210244178772
"I am the best artist, are you a good artist?","Jestem najlepszą artystką, czy ty jesteś dobrą artystką?",Jestem najlepszą artystką. Czy ty jesteś dobrą artystką?,"Jestem najlepszą artystką, a ty? Jesteś dobra w tym, co robisz?",0.9017428993154181,0.4111336169005197,0.9529473781585693,0.9721449017524719,0.6392190652762982,0.09329460218997072,0.837920069694519,0.9060376286506653
"I almost killed him, and what did you do?","Prawie go zabiłem, a ty co zrobiłeś?","Prawie go zabiłem, i co ty zrobiłeś?","Niemal go zabiłem, a co ty zrobiłeś?",0.7560475816222944,0.1944130841813964,0.9721099734306335,0.9803158640861511,0.5959372470866725,0.1944130841813964,0.9324532151222229,0.9798728823661804
"I almost killed him, and what did you do?","Prawie go zabiłem, a ty co zrobiłaś?","Prawie go zabiłem, a co ty zrobiłaś?","Prawie go zabiłem, a co ty zrobiłaś?",0.7925524071501083,0.4728708045015879,0.9777315855026245,0.9872337579727173,0.7925524071501083,0.4728708045015879,0.9777315855026245,0.9872338175773621
"I almost killed him, and what did you do?","Prawie go zabiłam, a ty co zrobiłeś?","Prawie go zabiłam, i co ty zrobiłeś?","Prawie go zabiłam, i co pan zrobił?",0.7560475816222944,0.1944130841813964,0.9720830917358398,0.9789924621582031,0.6431056494578622,0.17567205239427922,0.9311006665229797,0.9573395848274231
"I almost killed him, and what did you do?","Prawie go zabiłam, a ty co zrobiłaś?","Prawie go zabiłam, a co ty zrobiłaś?",Pani,0.7925524071501083,0.4728708045015879,0.9781264066696167,0.9872637987136841,0.018248175182481837,0.0,0.6205475926399231,0.35478475689888
I wanted to paint my walls but you didn't borrow me paint,Chciałam pomalować moje ściany ale nie pożyczyłaś mi farby,"Chciałam pomalować moje ściany, ale nie pożyczyłaś mi farby.","Chciałam pomalować nasze wspólne ściany, ale niestety nie pożyczyła mi pani farby.",0.9420387649932295,0.43167001068522526,0.9294604659080505,0.9739227294921875,0.6976498813564235,0.045293761707938834,0.8502207398414612,0.9188879132270813
I wanted to paint my walls but you didn't borrow me paint,Chciałam pomalować moje ściany ale nie pożyczyłeś mi farby,"Chciałam pomalować moje ściany, ale nie pożyczyłeś mi farby.","Chciałam pomalować nasze ściany, ale zapomniałeś pożyczyć mi farby?",0.9420387649932295,0.43167001068522526,0.9293553233146667,0.9714491367340088,0.6338438313134077,0.06030725360407769,0.8711200952529907,0.9423617124557495
I wanted to paint my walls but you didn't borrow me paint,Chciałem pomalować moje ściany ale nie pożyczyłaś mi farby,"Chciałem pomalować moje ściany, ale ty nie pożyczyłaś mi farby.","Chciałem pomalować nasze ściany, ale ty nie pożyczyłaś mi farby.",0.895507587184027,0.1825741858350554,0.924028217792511,0.9685177206993103,0.7776467391617589,0.13747081017605653,0.906096875667572,0.968114972114563
I wanted to paint my walls but you didn't borrow me paint,Chciałem pomalować moje ściany ale nie pożyczyłeś mi farby,"Chciałem pomalować moje ściany, ale ty nie pożyczyłeś mi farby.","Chciałem pomalować ściany, ale nie dałeś mi farby.",0.895507587184027,0.1825741858350554,0.9253327250480652,0.9672804474830627,0.6151462291027479,0.07751502105431508,0.8614681959152222,0.9626728892326355
"I fixed the car, did you manage to fix your bike?","Naprawiłem samochód, czy udało ci się naprawić rower?","Naprawiłem samochód, a ty dałaś radę naprawić swój rower?","Naprawiłem samochód, czy udało ci się naprawić swój rower?",0.6304911947378281,0.06030725360407769,0.8675260543823242,0.9487210512161255,0.9323231450910411,0.7506238537503395,0.9848450422286987,0.9817556738853455
"I fixed the car, did you manage to fix your bike?","Naprawiłam samochód, czy udało ci się naprawić rower?",Czy udało Ci się naprawić Twój rower? Ja naprawiłam swój samochód.,"Naprawiłam samochód, proszę pana, a czy udało się panu naprawić rower?",0.6754760161661609,0.04740604259878138,0.8271092772483826,0.9423366785049438,0.7642369304048408,0.07175852914772135,0.8950414061546326,0.9157149791717529
"I fixed the car, did you manage to fix your bike?","Naprawiłem samochód, czy udało ci się naprawić rower?","Naprawiłem samochód, a ty dałeś radę naprawić swój rower?","Czy udało się Panu naprawić rower, skoro ja naprawiłem samochód?",0.6304911947378281,0.06030725360407769,0.8650990724563599,0.9536821246147156,0.6896924085870454,0.02777619034011792,0.8575485944747925,0.9366307258605957
"I fixed the car, did you manage to fix your bike?","Naprawiłam samochód, czy udało ci się naprawić rower?","Naprawiłam samochód, czy poradziła sobie pani z naprawą roweru?","Udało mi się naprawić samochód, a tobie jak poszło z rowerem?",0.6062628706880931,0.11868405219520975,0.8723690509796143,0.8971649408340454,0.4818800006822939,0.04411629359322707,0.8175159692764282,0.8864791989326477
"I read the whole book, did you finish reading yours?","Przeczytałem całą książkę, czy skończyłaś swoją?","Przeczytałem całą książkę, pani, czy Pani już skończyła swoją?","Przeczytałem całą książkę, a ty skończyłaś swoją?",0.7883321031453376,0.13485111859503685,0.9172582626342773,0.9236741065979004,0.8869070241487921,0.20556680845025987,0.9538085460662842,0.970807671546936
"I read the whole book, did you finish reading yours?","Przeczytałam całą książkę, czy skończyłeś swoją?","Przeczytałam całą książkę, proszę pana, czy skończył pan czytać swoją?","Przeczytałam całą książkę, panie X, czy skończył pan już czytać swoją?",0.8083117978860607,0.1186840521952098,0.8792479634284973,0.9199926257133484,0.8139509270266219,0.10600313379512592,0.8850093483924866,0.8793389201164246
"I read the whole book, did you finish reading yours?","Przeczytałem całą książkę, czy skończyłeś swoją?","Przeczytałem całą książkę, czy skończyłeś czytać swoją?",Czy skończyłeś już czytać swoją książkę?,0.9227117599260494,0.6434588841607617,0.9631770253181458,0.9693877696990967,0.49728752350967653,0.040824829046386304,0.8525518178939819,0.9328197240829468
"I read the whole book, did you finish reading yours?","Przeczytałam całą książkę, czy skończyłaś swoją?","Przeczytałam całą książkę, proszę pani, czy skończyła pani czytać swoją?","Przeczytałam już całą książkę, a ty? Jak ci idzie?",0.8280851215337885,0.1186840521952098,0.8814283013343811,0.9173347353935242,0.49474999281153426,0.056122223243057295,0.8554694652557373,0.9242796301841736
"I cooked dinner, did you bring the drinks?","Ugotowałem obiad, czy przyniosłaś napoje?",Czy pani przyniosła napoje? Ja ugotowałem kolację.,"Ugotowałem obiad, czy mogłabyś przynieść napoje?",0.5599959698811513,0.033031643180138064,0.8044884204864502,0.9544312357902527,0.7148177317631768,0.21711852081087685,0.9385298490524292,0.9538411498069763
"I cooked dinner, did you bring the drinks?","Ugotowałam obiad, czy przyniosłeś napoje?","Przygotowałam kolację, czy przyniosłeś napoje?","Ugotowałam kolację, czy przyniosłeś napoje?",0.7487404366198778,0.26591479484724945,0.8881976008415222,0.9765627980232239,0.784086269984078,0.28574404296988,0.9446008205413818,0.9782935976982117
"I cooked dinner, did you bring the drinks?","Ugotowałem obiad, czy przyniosłeś napoje?","Przygotowałem kolację, czy przyniosłeś coś do picia?","Ugotowałem kolację, czy przyniosłeś napoje?",0.5773982210965112,0.06985342056580097,0.8401252627372742,0.9509012699127197,0.784086269984078,0.28574404296988,0.9445092082023621,0.9775307178497314
"I cooked dinner, did you bring the drinks?","Ugotowałam obiad, czy przyniosłaś napoje?","Proszę pani, gotowałam kolację, czy mogłaby pani przynieść napoje?","Ugotowałam kolację, a czy ty przyniosłaś napoje?",0.4901201794842304,0.028517539529041507,0.7858408689498901,0.8905696272850037,0.7186215506221495,0.08307018474412793,0.9039708375930786,0.9587842226028442
"I watched that movie last night, did you like it?","Obejrzałem ten film wczoraj wieczorem, spodobał ci się?",Obejrzałem ten film wczoraj wieczorem. Czy ci się podobał?,Czy widziała pani ten film wczoraj wieczorem? Jak się pani podobał?,0.8209756925634455,0.3155984539112945,0.9035134315490723,0.9678131937980652,0.5780675195911272,0.09329460218997072,0.8112692832946777,0.9399763345718384
"I watched that movie last night, did you like it?","Obejrzałam ten film wczoraj wieczorem, spodobał ci się?","Oglądałam ten film wczoraj wieczorem, czy ci się podobał?","Obejrzałam ten film wczoraj wieczorem, czy ci się podobał?",0.7198981832227358,0.3155984539112945,0.8872408270835876,0.9603327512741089,0.8428881636688441,0.4671379777282001,0.9297476410865784,0.9740039110183716
"I watched that movie last night, did you like it?","Obejrzałem ten film wczoraj wieczorem, spodobał ci się?","Widziałem ten film wczoraj wieczorem, jak ci się podobał?",Obejrzałem ten film wczoraj wieczorem. Jak ci się podobał?,0.7198981832227358,0.3155984539112945,0.8823476433753967,0.9526066780090332,0.8209756925634455,0.3155984539112945,0.9077877998352051,0.95884108543396
"I watched that movie last night, did you like it?","Obejrzałam ten film wczoraj wieczorem, spodobał ci się?","Widziałam ten film wczoraj wieczorem, czy ci się podobał?","Obejrzałam ten film wczoraj wieczorem, czy tobie się spodobał?",0.7164331797577325,0.3155984539112945,0.8828384280204773,0.9589490294456482,0.8321112683854582,0.44632361378533286,0.9370694756507874,0.9798048734664917
"I cleaned the kitchen, did you take out the trash?","Posprzątałem kuchnię, czy wyniosłaś śmieci?","Posprzątałem kuchnię, czy ty wyniosłaś śmieci?","Posprzątałem kuchnię, czy mogłaś wyrzucić śmieci?",0.9471524505762283,0.25406637407730737,0.9831616878509521,0.9749409556388855,0.7198110612193888,0.21711852081087685,0.9350680112838745,0.9516924619674683
"I cleaned the kitchen, did you take out the trash?","Posprzątałam kuchnię, czy wyniosłeś śmieci?","Posprzątałam kuchnię, czy ty wyniosłeś śmieci?","Posprzątałam kuchnię, czy wyniosłeś śmieci?",0.9471524505762283,0.25406637407730737,0.9821611642837524,0.975568950176239,1.0,1.0,1.0,0.9871962070465088
"I cleaned the kitchen, did you take out the trash?","Posprzątałem kuchnię, czy wyniosłeś śmieci?","Posprzątałem kuchnię, czy wyrzuciłeś śmieci?","Posprzątałem kuchnię, stary, a ty wyrzuciłeś śmieci?",0.8213550097510027,0.28574404296988,0.9489724636077881,0.9609726667404175,0.7116550704323754,0.07730551756939454,0.8866369128227234,0.8839514255523682
"I cleaned the kitchen, did you take out the trash?","Posprzątałam kuchnię, czy wyniosłaś śmieci?","Posprzątałam kuchnię, czy ty wyniosłaś śmieci?","Posprzątałam kuchnię, czy wyniosłaś śmieci?",0.9471524505762283,0.25406637407730737,0.984197735786438,0.9718077778816223,1.0,1.0,1.0,0.9887598752975464
"I bought the tickets, did you remember to book the hotel?","Kupiłem bilety, czy pamiętałaś zarezerwować hotel?","Kupiłem bilety, czy zarezerwowałaś już hotel?","Kupiłem bilety, a ty pamiętałaś o zarezerwowaniu hotelu?",0.6616134635613704,0.21711852081087685,0.9386394619941711,0.9398757815361023,0.7210735179558124,0.06500593260343691,0.917740523815155,0.9598191976547241
"I bought the tickets, did you remember to book the hotel?","Kupiłam bilety, czy pamiętałeś zarezerwować hotel?","Kupiłam bilety, proszę, czy pamiętałeś zarezerwować hotel?","Kupiłam bilety, czy pamiętałeś o zarezerwowaniu hotelu?",0.9437801956462007,0.488923022434901,0.9563084244728088,0.9584158062934875,0.8277244714370866,0.41113361690051975,0.9490477442741394,0.9727938175201416
"I bought the tickets, did you remember to book the hotel?","Kupiłem bilety, czy pamiętałeś zarezerwować hotel?","Kupiłem bilety, czy pamiętałeś zarezerwować hotel?","Kupiłem bilety, czy pamiętałeś o zarezerwowaniu hotelu?",1.0,1.0,1.0,0.9856269359588623,0.8277244714370866,0.41113361690051975,0.9499416947364807,0.9763361811637878
"I bought the tickets, did you remember to book the hotel?","Kupiłam bilety, czy pamiętałaś zarezerwować hotel?","Kupiłam bilety, czy zarezerwowałaś już hotel?",Czy pamiętała Pani o zarezerwowaniu hotelu? Ja już kupiłam bilety.,0.6616134635613704,0.21711852081087685,0.9367061853408813,0.9470027089118958,0.6621138933793681,0.0,0.8285326361656189,0.9344897866249084
"I found the keys, did you find your wallet?","Znalazłem klucze, czy znalazłaś swój portfel?","Znalazłem klucze, czy znalazłaś swój portfel?","Znalazłem klucze, pani Anno, a czy pani znalazła swój portfel?",1.0,1.0,0.9999999403953552,0.9861917495727539,0.7547508697595012,0.06674094719041482,0.8879832029342651,0.9224762320518494
"I found the keys, did you find your wallet?","Znalazłam klucze, czy znalazłeś swój portfel?","Znalazłam klucze, czy ty znalazłeś swój portfel?","Znalazłam klucze, a ty znalazłeś swój portfel?",0.9486089109034087,0.274941620352113,0.9836904406547546,0.9763016104698181,0.8776686605633973,0.20556680845025987,0.9247754812240601,0.9677422046661377
"I found the keys, did you find your wallet?","Znalazłem klucze, czy znalazłeś swój portfel?",Czy pan znalazł swój portfel? Ja znalazłem klucze.,Imię,0.6823517175600897,0.05873949094699214,0.8260930180549622,0.9295750260353088,0.004578754578754662,0.0,0.6400502324104309,0.3323143422603607
"I found the keys, did you find your wallet?","Znalazłam klucze, czy znalazłaś swój portfel?","Znalazłam klucze, czy ty znalazłaś swój portfel?","Znalazłam twoje klucze, a ty znalazłaś swój portfel?",0.9486089109034087,0.274941620352113,0.9832200407981873,0.9767475724220276,0.798177634979079,0.1561969968460128,0.8888119459152222,0.9486497640609741
"I sent the email, did you call the client?","Wysłałem maila, czy zadzwoniłaś do klienta?",Wysłałem e-mail. Czy ty zadzwoniłaś do klienta?,Wysłałem e-mail. Czy mogłaś zadzwonić do klienta?,0.7488853574181707,0.17567205239427922,0.9136574864387512,0.9638209939002991,0.5922931321085397,0.07730551756939454,0.8977338075637817,0.9089106321334839
"I sent the email, did you call the client?","Wysłałam maila, czy zadzwoniłeś do klienta?","Wysłałam e-mail, czy ty dzwoniłeś do klienta?","Wysłałam e-mail do klienta, czy ty zadzwoniłeś do niego?",0.7046979492114228,0.08307018474412793,0.9327605366706848,0.9574046730995178,0.7317878088001927,0.06030725360407769,0.9198992252349854,0.960436999797821
"I sent the email, did you call the client?","Wysłałem maila, czy zadzwoniłeś do klienta?","Wysłałem e-mail, zrobiłeś telefon?","Wysłałem e-mail, a ty dzwoniłeś do klienta?",0.2927138911186738,0.04873039689743777,0.8265371918678284,0.7755937576293945,0.6766409729925135,0.07730551756939454,0.9036145210266113,0.9368095993995667
"I sent the email, did you call the client?","Wysłałam maila, czy zadzwoniłaś do klienta?","Wysłałam e-mail, czy dzwoniłaś do klienta?","Wysłałam e-mail, czy zadzwoniłaś do klienta?",0.7086492461288737,0.10266900960803409,0.9399201273918152,0.9628744721412659,0.8286698491975747,0.537284965911771,0.962091863155365,0.9755904674530029
"I finished the report, did you complete the presentation?","Skończyłem raport, czy ukończyłaś prezentację?","Skończyłem raport, czy ty skończyłaś prezentację?","Czy mogę spytać, czy pani już skończyła prezentację? Skoro ja skończyłem raport.",0.9047714590801149,0.21711852081087685,0.9394516348838806,0.9746121764183044,0.7011350024536916,0.020255986027125642,0.8115959167480469,0.888583779335022
"I finished the report, did you complete the presentation?","Skończyłam raport, czy ukończyłeś prezentację?","Skończyłam raport, czy ty skończyłeś prezentację?","Skończyłam raport, czy pan również skończył prezentację?",0.9047714590801149,0.21711852081087685,0.943496584892273,0.9750994443893433,0.7815354592673986,0.17567205239427922,0.9036098122596741,0.9557154178619385
"I finished the report, did you complete the presentation?","Skończyłem raport, czy ukończyłeś prezentację?","Skończyłem raport, czy skończyłeś prezentację?","Skończyłem raport, czy skończyłeś prezentację?",0.9093507960484853,0.28574404296988,0.9535093903541565,0.9759470224380493,0.9093507960484853,0.28574404296988,0.9535093903541565,0.9759470224380493
"I finished the report, did you complete the presentation?","Skończyłam raport, czy ukończyłaś prezentację?","Skończyłam raport, czy skończyłaś prezentację?",Czy skończyłyśmy już razem ten raport i czy jesteś gotowa z prezentacją?,0.9093507960484853,0.28574404296988,0.9417448043823242,0.9793159365653992,0.43110572692862936,0.017033186037639283,0.7987210750579834,0.8957964181900024
"I repaired the sink, did you fix the door?","Naprawiłem zlew, czy naprawiłaś drzwi?","Naprawiłem zlew, a ty naprawiłaś drzwi?","Naprawiłem zlew, czy naprawiłaś drzwi?",0.853766291125612,0.12209471671615688,0.9531987905502319,0.9573821425437927,1.0,1.0,1.0,0.9860405325889587
"I repaired the sink, did you fix the door?","Naprawiłam zlew, czy naprawiłeś drzwi?","Naprawiłam zlew, czy ty naprawiłeś drzwi?","Naprawiłam zlew, a ty co zrobiłeś z tymi drzwiami?",0.9384253613001506,0.25406637407730737,0.9834195375442505,0.975385844707489,0.5478919386811865,0.050712153369465586,0.8674243092536926,0.8968655467033386
"I repaired the sink, did you fix the door?","Naprawiłem zlew, czy naprawiłeś drzwi?","Naprawiłem kran, czy ty naprawiłeś drzwi?",Naprawiłem zlew. A czy pan może zajął się tymi drzwiami?,0.7355705084596332,0.10266900960803409,0.9417364001274109,0.9621577858924866,0.49406223321105064,0.025098621243978974,0.8246545195579529,0.7771334052085876
"I repaired the sink, did you fix the door?","Naprawiłam zlew, czy naprawiłaś drzwi?","Naprawiłam zlew, czy naprawiłaś drzwi?","Naprawiłam zlew, a ty? Czy zajęłaś się tymi drzwiami?",1.0,1.0,1.0,0.9870613217353821,0.5231970596668426,0.050712153369465586,0.8448735475540161,0.8667237162590027
"I wrote the letter, did you send it?","Napisałem list, czy go wysłałaś?","Napisałem list, czy ty go wysłałaś?",Czy mogłabyś być tak miła i wysłać ten list?,0.9231976430842543,0.25406637407730737,0.9841229319572449,0.9808586835861206,0.24425348881617717,0.0,0.7515245079994202,0.7191659212112427
"I wrote the letter, did you send it?","Napisałam list, czy go wysłałeś?","Czy pan wysłał ten list, który napisałam?","Czy wysłałeś ten list, który napisałam?",0.45721429415558473,0.033031643180138064,0.8278160095214844,0.9353456497192383,0.5300528928950928,0.040824829046386304,0.860071063041687,0.9432742595672607
"I wrote the letter, did you send it?","Napisałem list, czy go wysłałeś?","Czy wysłałeś ten list, który napisałem?","Napisałem ten list, panie X, czy byłby pan tak uprzejmy i wysłał go?",0.5300528928950928,0.040824829046386304,0.8673688173294067,0.9415960311889648,0.5101395845523461,0.020448007360218394,0.8345627784729004,0.7743033766746521
"I wrote the letter, did you send it?","Napisałam list, czy go wysłałaś?","Napisałam list, czy ty go wysłałaś?","Napisałam ten list, czy mogłabyś go wysłać?",0.9231976430842543,0.25406637407730737,0.983643651008606,0.9796938896179199,0.6440301510835343,0.08307018474412793,0.9104968309402466,0.9110929369926453
"I repaired my laptop, did you back up your files?","Naprawiłem laptopa, czy zrobiłaś kopię zapasową plików?",Naprawiłem mój laptop. Czy ty zrobiłeś/aś kopię zapasową swoich plików?,"Naprawiłem swój laptop, Pani Aniu, czy pomyślała Pani o zabezpieczeniu swoich ważnych plików?",0.6843969500043413,0.05307712171072445,0.8665832281112671,0.9569522738456726,0.4084921438555342,0.020448007360218394,0.7950596213340759,0.8577147126197815
"I repaired my laptop, did you back up your files?","Naprawiłam laptopa, czy zrobiłeś kopię zapasową plików?","Naprawiłam swój laptop, proszę Pana. Czy zrobił Pan kopię zapasową swoich plików?",Naprawiłam mój laptop. Czy ty zabezpieczyłeś swoje pliki?,0.6525474811710146,0.0428361950754725,0.8582269549369812,0.924577534198761,0.3607739566769948,0.02777619034011792,0.8153844475746155,0.8965671062469482
"I repaired my laptop, did you back up your files?","Naprawiłem laptopa, czy zrobiłeś kopię zapasową plików?",Naprawiłem swój laptop. Czy zrobiłeś kopię zapasową swoich plików?,Pan,0.7586174904694079,0.13485111859503685,0.9244704842567444,0.9682963490486145,0.0037537537537538374,0.0,0.5674295425415039,0.37232086062431335
"I repaired my laptop, did you back up your files?","Naprawiłam laptopa, czy zrobiłaś kopię zapasową plików?","Naprawiłam mój laptop, czy zrobiłaś kopię zapasową swoich plików?",imię,0.7992059291989495,0.3303164318013807,0.9518432021141052,0.973519504070282,0.01881269103276084,0.0,0.6045953035354614,0.3491961359977722
"I sent the documents you asked for yesterday, but you still haven't replied, could you please check your inbox?","Wysłałem wczoraj dokumenty, o które prosiłaś, ale nadal mi nie odpisałaś, czy mogłabyś sprawdzić swoją skrzynkę?","Wysłałem Ci dokumenty, o które prosiłaś wczoraj, ale nadal nie odpowiedziałaś. Czy mogłabyś sprawdzić swoją skrzynkę odbiorczą?","Wysłałem dokumenty, które prosiłaś wczoraj, ale nadal nie odpisałaś, czy mogłabyś sprawdzić swoją skrzynkę odbiorczą?",0.7642851882124376,0.11502783619900048,0.9020719528198242,0.9456767439842224,0.8236408181624452,0.3688861558761236,0.9403866529464722,0.9313963055610657
"I sent the documents you asked for yesterday, but you still haven't replied, could you please check your inbox?","Wysłałam wczoraj dokumenty, o które prosiłeś, ale nadal mi nie odpisałeś, czy mógłbyś sprawdzić swoją skrzynkę?","Wysłałam Ci dokumenty, o które prosiłeś wczoraj, ale nadal nie odpowiedziałeś. Czy mógłbyś sprawdzić swoją skrzynkę odbiorczą?","Wysłałam Ci dokumenty, o które prosiłeś wczoraj, ale nadal nie odpisałeś. Czy mógłbyś sprawdzić swoją skrzynkę mailową?",0.7617778063316303,0.11502783619900048,0.900644063949585,0.9462919235229492,0.8102567649866493,0.11502783619900048,0.9171390533447266,0.9553426504135132
"I sent the documents you asked for yesterday, but you still haven't replied, could you please check your inbox?","Wysłałem wczoraj dokumenty, o które prosiłeś, ale nadal mi nie odpisałeś, czy mógłbyś sprawdzić swoją skrzynkę?","Wysłałem dokumenty, o które prosiłeś wczoraj, ale nadal nie odpowiedziałeś. Czy mógłbyś proszę sprawdzić swoją skrzynkę odbiorczą?","Wysłałem dokumenty, o które prosiłeś wczoraj, ale nadal nie odpowiedziałeś. Czy mógłbyś sprawdzić swoją skrzynkę odbiorczą?",0.7337299709543942,0.09147827112247602,0.8942751288414001,0.9478151202201843,0.76338253323444,0.12300686288463772,0.9049610495567322,0.9483027458190918
"I sent the documents you asked for yesterday, but you still haven't replied, could you please check your inbox?","Wysłałam wczoraj dokumenty, o które prosiłaś, ale nadal mi nie odpisałaś, czy mogłabyś sprawdzić swoją skrzynkę?","Wysłałam dokumenty, o które prosiłaś wczoraj, ale nadal nie odpowiedziałaś. Czy mogłabyś sprawdzić swoją skrzynkę odbiorczą?","Wysłałam dokumenty, o które prosiłaś wczoraj, ale nadal nie odpowiedziałaś. Czy mogłabyś sprawdzić swoją skrzynkę odbiorczą?",0.7658784743634702,0.12300686288463772,0.9078115224838257,0.9495502710342407,0.7658784743634702,0.12300686288463772,0.9078115224838257,0.9495502710342407
"I stayed up all night preparing the presentation because you promised to help me, why didn't you show up?","Siedziałem całą noc przygotowując prezentację, bo obiecałaś, że mi pomożesz — dlaczego się nie pojawiłaś?","Nie spałem całą noc, przygotowując prezentację, bo obiecałaś mi pomóc. Dlaczego się nie pojawiłaś?","Przygotowywałem prezentację przez całą noc, ponieważ obiecałaś mi pomóc, dlaczego nie przyszłaś?",0.749348239871867,0.11894950231188761,0.8783522844314575,0.9434140920639038,0.46629809465587485,0.018760191497604554,0.8535553812980652,0.9422957301139832
"I stayed up all night preparing the presentation because you promised to help me, why didn't you show up?","Siedziałam całą noc przygotowując prezentację, bo obiecałeś, że mi pomożesz — dlaczego się nie pojawiłeś?","Nie spałam całą noc, przygotowując prezentację, bo obiecałeś mi pomóc, dlaczego więc nie przyszedłeś?","Nie spałam całą noc przygotowując prezentację, bo obiecałeś mi pomóc, dlaczego się nie pojawiłeś?",0.6359699609239644,0.08134851786759212,0.877379834651947,0.9346114993095398,0.7904573400707672,0.4257110866884422,0.9150664806365967,0.9375893473625183
"I stayed up all night preparing the presentation because you promised to help me, why didn't you show up?","Siedziałem całą noc przygotowując prezentację, bo obiecałeś, że mi pomożesz — dlaczego się nie pojawiłeś?","Nie spałem całą noc, przygotowując prezentację, bo obiecałeś mi pomóc. Dlaczego się nie pojawiłeś?","Nie spałem całą noc przygotowując prezentację, bo obiecałeś mi pomóc, dlaczego nie przyszedłeś?",0.749348239871867,0.11894950231188761,0.8822164535522461,0.9467816948890686,0.6591979519144271,0.2788569356565234,0.8828402161598206,0.9393095374107361
"I stayed up all night preparing the presentation because you promised to help me, why didn't you show up?","Siedziałam całą noc przygotowując prezentację, bo obiecałaś, że mi pomożesz — dlaczego się nie pojawiłaś?","Nie spałam całą noc, przygotowując prezentację, bo obiecałaś mi pomóc. Dlaczego nie przyszłaś?","Przygotowywałam prezentację przez całą noc, bo obiecałaś mi pomóc, dlaczego nie przyszłaś?",0.6140282823815668,0.07840638936780465,0.8706616163253784,0.9414283037185669,0.4889647685054715,0.01983648738620906,0.865818440914154,0.9453666806221008
"I bought everything for the party and decorated the room, were you able to invite all our friends?","Kupiłem wszystko na przyjęcie i udekorowałem pokój, czy udało ci się zaprosić wszystkich naszych przyjaciół?","Zrobiłem zakupy i udekorowałem pokój na imprezę, czy udało ci się zaprosić wszystkich naszych znajomych?","Kupiłem wszystko na imprezę i udekorowałem pokój, czy udało ci się zaprosić wszystkich naszych przyjaciół?",0.6310921388362846,0.4546697236991713,0.8945461511611938,0.9342582821846008,0.8882957134429725,0.8003203203844999,0.9747681021690369,0.9644172787666321
"I bought everything for the party and decorated the room, were you able to invite all our friends?","Kupiłam wszystko na przyjęcie i udekorowałam pokój, czy udało ci się zaprosić wszystkich naszych przyjaciół?",Czy udało Ci się zaprosić wszystkich naszych przyjaciół? Kupiłam wszystko na imprezę i udekorowałam pokój.,Czy udało ci się zaprosić wszystkich naszych przyjaciół?,0.799941588895302,0.3703046833819061,0.9076736569404602,0.9501871466636658,0.5228045696271199,0.3505377780030811,0.8566803336143494,0.7236534357070923
"I bought everything for the party and decorated the room, were you able to invite all our friends?","Kupiłem wszystko na przyjęcie i udekorowałem pokój, czy udało ci się zaprosić wszystkich naszych przyjaciół?","Kupiłem wszystko na imprezę i udekorowałem pokój, udało ci się zaprosić wszystkich naszych znajomych?","Kupiłem wszystko na imprezę i udekorowałem pokój, czy udało ci się zaprosić wszystkich naszych przyjaciół?",0.7209740126499738,0.4965828319998831,0.9305445551872253,0.9504365921020508,0.8882957134429725,0.8003203203844999,0.9747681021690369,0.9644172787666321
"I bought everything for the party and decorated the room, were you able to invite all our friends?","Kupiłam wszystko na przyjęcie i udekorowałam pokój, czy udało ci się zaprosić wszystkich naszych przyjaciół?","Zrobiłam zakupy i udekorowałam pokój na imprezę, czy udało ci się zaprosić wszystkich naszych znajomych?","Przygotowałam wszystko na imprezę i udekorowałam pokój, czy udało ci się zaprosić wszystkich naszych znajomych?",0.6310921388362846,0.4546697236991713,0.8958168029785156,0.9374412894248962,0.7395220826635581,0.6729864884660303,0.9268161058425903,0.9554789066314697
"I cleaned the kitchen, did you at least take out the trash?","Posprzątałem kuchnię, wyniosłaś chociaż śmieci?","Posprzątałem kuchnię, czy chociaż wyniosłeś/wyniosłaś śmieci?","Posprzątałem kuchnię, czy chociaż mogłaś wynieść śmieci?",0.784098813215914,0.10266900960803409,0.9168074727058411,0.926843523979187,0.7052546485500035,0.08307018474412793,0.9025354981422424,0.9558671116828918
"I cleaned the kitchen, did you at least take out the trash?","Posprzątałam kuchnię, wyniosłeś chociaż śmieci?","Posprzątałam kuchnię, czy chociaż wyniosłeś śmieci?","Posprzątałam kuchnię, panie Marku, czy chociaż wyniósł pan śmieci?",0.8032151499100973,0.10855926040543844,0.9560366272926331,0.9701575636863708,0.6804261545941311,0.06030725360407769,0.8688352108001709,0.9204789400100708
"I cleaned the kitchen, did you at least take out the trash?","Posprzątałem kuchnię, wyniosłeś chociaż śmieci?","Sprzątnąłem kuchnię, czy chociaż wyjąłeś śmieci?","Posprzątałem kuchnię, czy chociaż wyniosłeś śmieci?",0.5267988927115118,0.05372849659117709,0.883958637714386,0.949813187122345,0.8032151499100973,0.10855926040543844,0.9550284743309021,0.9683700203895569
"I cleaned the kitchen, did you at least take out the trash?","Posprzątałam kuchnię, wyniosłaś chociaż śmieci?","Sprzątnęłam kuchnię, czy chociaż wyjęłaś śmieci?","Posprzątałam kuchnię, czy mogłabyś chociaż wynieść śmieci?",0.5267988927115118,0.05372849659117709,0.8764463663101196,0.9449921250343323,0.7144106797236528,0.08307018474412793,0.9071908593177795,0.9452585577964783
"I told you not to forget the tickets, did you bring them or not?","Mówiłem ci, żebyś nie zapomniała biletów — masz je czy nie?","Mówiłem ci, żebyś nie zapomniała o biletach, prawda? Przyniosłaś je?","Powiedziałem ci, żebyś nie zapomniała o biletach, przyniosłaś je czy nie?",0.6518102106193491,0.355433394487517,0.8738279938697815,0.9365490078926086,0.6536406117220722,0.33932513407933634,0.8834241032600403,0.9292848706245422
"I told you not to forget the tickets, did you bring them or not?","Mówiłam ci, żebyś nie zapomniał biletów — masz je czy nie?","Mówiłam ci, żebyś nie zapomniał biletów, masz je ze sobą czy nie?","Mówiłam ci, żebyś nie zapomniał o biletach, przyniosłeś je czy nie?",0.8538846523450503,0.4063798282013443,0.9458896517753601,0.9632982015609741,0.7291143645338681,0.46924700641056,0.9124650359153748,0.9399104118347168
"I told you not to forget the tickets, did you bring them or not?","Mówiłem ci, żebyś nie zapomniał biletów — masz je czy nie?","Mówiłem ci, żebyś nie zapomniał o biletach, prawda? Przyniosłeś je?","Mówiłem ci, żebyś nie zapomniał biletów, masz je ze sobą czy nie?",0.6476189296255042,0.355433394487517,0.8700429201126099,0.9359202980995178,0.8538846523450503,0.4063798282013443,0.9466046094894409,0.9640623927116394
"I told you not to forget the tickets, did you bring them or not?","Mówiłam ci, żebyś nie zapomniała biletów — masz je czy nie?","Mówiłam ci, żebyś nie zapomniała o biletach. Przyniosłaś je, prawda?","Czy przyniosłaś te bilety, o których ci mówiłam?",0.6484088500751313,0.355433394487517,0.8750725984573364,0.9221035242080688,0.23345109779517237,0.0,0.7290611863136292,0.7720026969909668
"I bought all the groceries like you asked, but you forgot to make the list, didn't you?","Kupiłem wszystkie zakupy, jak prosiłaś, ale zapomniałaś zrobić listę, prawda?","Kupiłem wszystkie zakupy spożywcze, jak prosiłaś, ale ty zapomniałaś zrobić listę, prawda?","Kupiłem wszystko, o co prosiłaś, ale zapomniałaś zrobić listę, co nie?",0.9070314841658883,0.34172334076593075,0.9523177146911621,0.9462102055549622,0.6915793014921254,0.3672056269893592,0.9137422442436218,0.8693830370903015
"I bought all the groceries like you asked, but you forgot to make the list, didn't you?","Kupiłam wszystkie zakupy, jak prosiłeś, ale zapomniałeś zrobić listę, prawda?","Kupiłam wszystkie zakupy spożywcze, jak prosiłeś, ale ty zapomniałeś zrobić listę, prawda?","Kupiłam wszystko, o co prosiłeś, ale czyżbyś zapomniał sporządzić listę, panie?",0.9070314841658883,0.34172334076593075,0.9533870816230774,0.9457367658615112,0.5551611788494363,0.04740604259878138,0.8452684879302979,0.7979950904846191
"I bought all the groceries like you asked, but you forgot to make the list, didn't you?","Kupiłem wszystkie zakupy, jak prosiłeś, ale zapomniałeś zrobić listę, prawda?","Kupiłem wszystkie artykuły spożywcze tak jak prosiłeś, ale zapomniałeś sporządzić listy, prawda?","Kupiłem wszystkie zakupy, jak prosiłeś, ale zapomniałeś sporządzić listę, prawda?",0.7111788535092701,0.2620251007173262,0.8854244351387024,0.8731812238693237,0.901863052213562,0.7071067811865475,0.9799839854240417,0.9544609785079956
"I bought all the groceries like you asked, but you forgot to make the list, didn't you?","Kupiłam wszystkie zakupy, jak prosiłaś, ale zapomniałaś zrobić listę, prawda?","Kupiłam wszystkie zakupy spożywcze, jak prosiłaś, ale zapomniałaś sporządzić listę, prawda?","Kupiłam wszystkie zakupy, jak prosiłaś, ale zapomniałaś sporządzić listę, prawda?",0.8516137444489807,0.31702331385234306,0.9457075595855713,0.9442711472511292,0.901863052213562,0.7071067811865475,0.9795154929161072,0.95948725938797
"I finally fixed the shower, so now you can't complain anymore!","W końcu naprawiłem prysznic, więc teraz już nie możesz narzekać!","Wreszcie udało mi się naprawić prysznic, więc już nie masz powodu do narzekania!","Wreszcie naprawiłem prysznic, pani, więc teraz już nie ma powodu do narzekania!",0.49897159964805765,0.04646684393670022,0.8597092628479004,0.9562311172485352,0.6902688074114623,0.2521193618434983,0.9078381061553955,0.8340758681297302
"I finally fixed the shower, so now you can't complain anymore!","W końcu naprawiłam prysznic, więc teraz już nie możesz narzekać!","Wreszcie udało mi się naprawić ten problem z prysznicem, więc już nie masz powodu do narzekania!","Wreszcie naprawiłam prysznic, więc teraz nie możesz już narzekać!",0.4496785216192661,0.02878787818101127,0.8165760040283203,0.9465424418449402,0.7776737739197079,0.3413065354365521,0.964207112789154,0.9806663990020752
"I finally fixed the shower, so now you can't complain anymore!","W końcu naprawiłem prysznic, więc teraz już nie możesz narzekać!","Wreszcie udało mi się skończyć naprawiać prysznic, więc teraz już nie masz powodu do narzekania!","Wreszcie naprawiłem ten cholerny prysznic, więc teraz już nie masz powodu do narzekania!",0.6413107328910824,0.2460137257692754,0.8523808121681213,0.9393420815467834,0.6647835752246238,0.3026643726685863,0.8710242509841919,0.9600121974945068
"I finally fixed the shower, so now you can't complain anymore!","W końcu naprawiłam prysznic, więc teraz już nie możesz narzekać!","Wreszcie udało mi się rozwiązać problem z prysznicem, więc teraz już nie możesz narzekać!","No i proszę! Wreszcie naprawiłam ten cholerny prysznic, więc teraz już nie masz powodu do marudzenia!",0.6623288824088528,0.3498761149110956,0.8622914552688599,0.9502966403961182,0.5958637562501722,0.23961829057131984,0.8293101191520691,0.9363768100738525
"I called you three times this morning, why didn't you pick up?","Dzwoniłem do ciebie trzy razy rano, czemu nie odebrałaś?",Dlaczego nie odbierałaś? Dzwoniłem do ciebie trzy razy rano.,"Dzwoniłem do pani trzy razy rano, dlaczego pani nie odebrała?",0.7327223502199768,0.4671379777282001,0.900115966796875,0.9601002931594849,0.6270822459981186,0.13747081017605653,0.8987719416618347,0.9516572952270508
"I called you three times this morning, why didn't you pick up?","Dzwoniłam do ciebie trzy razy rano, czemu nie odebrałeś?","Panie X, dzwoniłam do pana trzy razy dziś rano, dlaczego pan nie odebrał?",Dlaczego nie odebrałeś moich trzech telefonów dziś rano?,0.527690855817912,0.04131551591106297,0.8482800722122192,0.9091095924377441,0.34392596418821886,0.024512401940754224,0.7877497673034668,0.9245094060897827
"I called you three times this morning, why didn't you pick up?","Dzwoniłem do ciebie trzy razy rano, czemu nie odebrałeś?","Dzwoniłem do ciebie trzy razy rano, czemu nie odbierałeś?","Dzwoniłem do pana trzy razy tego ranka, proszę pana, dlaczego pan nie odebrał?",0.9045048801414338,0.8633400213704505,0.9791771173477173,0.9767363667488098,0.5053214412390217,0.04913270548144422,0.8474380373954773,0.8955807685852051
"I called you three times this morning, why didn't you pick up?","Dzwoniłam do ciebie trzy razy rano, czemu nie odebrałaś?","Dzwoniłam do ciebie trzy razy rano, czemu nie odbierałaś?","Dzwoniłam do ciebie trzy razy rano, bo chciałam sprawdzić, czy wszystko u ciebie w porządku, dlaczego nie odebrałaś?",0.9045048801414338,0.8633400213704505,0.9786903858184814,0.9774964451789856,0.7813762477878817,0.29759282342490984,0.8673461675643921,0.9370571970939636
"I finished all my tasks at work today, but you still owe me that coffee, remember?","Skończyłem dziś wszystkie zadania w pracy, a ty wciąż jesteś mi winna tę kawę, pamiętasz?","Ukończyłem wszystkie moje zadania w pracy dzisiaj, ale nadal jesteś mi winna tę kawę, pamiętasz?","Wyrobiłem się dziś ze wszystkim w pracy, ale pamiętaj, że jeszcze wisisz mi tę kawę!",0.7285534039182537,0.375022891676693,0.9015246033668518,0.9426312446594238,0.35865719577829225,0.03514847831369806,0.7920728921890259,0.6343643069267273
"I finished all my tasks at work today, but you still owe me that coffee, remember?","Skończyłam dziś wszystkie zadania w pracy, a ty wciąż jesteś mi winien tę kawę, pamiętasz?","Ukończyłam wszystkie moje zadania w pracy dzisiaj, ale nadal jesteś mi winien tę kawę, prawda?","Wywiązałam się ze wszystkich obowiązków w pracy dzisiaj, ale pamiętaj, że jeszcze wisisz mi kawę.",0.626447163569522,0.2925612730731506,0.8411335945129395,0.9326992034912109,0.3225854079044943,0.015718877363021206,0.7655265927314758,0.6935015916824341
"I finished all my tasks at work today, but you still owe me that coffee, remember?","Skończyłem dziś wszystkie zadania w pracy, a ty wciąż jesteś mi winien tę kawę, pamiętasz?","Wykonałem wszystkie moje zadania w pracy dzisiaj, ale nadal jesteś mi winien tę kawę, pamiętasz?","Wyrobiłem się dziś ze wszystkim w pracy, ale pamiętasz, że wisisz mi kawę?",0.667898614517096,0.375022891676693,0.9041670560836792,0.9421778321266174,0.34697288715721464,0.033502031395306775,0.7975950837135315,0.6135956048965454
"I finished all my tasks at work today, but you still owe me that coffee, remember?","Skończyłam dziś wszystkie zadania w pracy, a ty wciąż jesteś mi winna tę kawę, pamiętasz?","Skarbie, skończyłam już wszystkie moje zadania w pracy dzisiaj, ale nadal jesteś mi winna tę kawę, prawda?","Wykonałam wszystkie moje zadania w pracy dzisiaj, ale nadal jesteś mi winna tę kawę, pamiętasz?",0.6208266385394732,0.2545984531673679,0.8529945015907288,0.909611165523529,0.6633203146433131,0.375022891676693,0.8976208567619324,0.9397995471954346
"I cleaned the whole garage today, can you believe it?","Posprzątałem dziś cały garaż, możesz w to uwierzyć?",Naprawdę sprzątnąłem cały garaż dzisiaj!,"Posprzątałem dzisiaj cały garaż, czy możesz uwierzyć?",0.3089285853787476,0.029486824119076216,0.7590725421905518,0.885743260383606,0.712208324688699,0.07614310991217832,0.9071540236473083,0.9790862202644348
"I cleaned the whole garage today, can you believe it?","Posprzątałam dziś cały garaż, możesz w to uwierzyć?",Czy pan uwierzy? Sprzątnęłam dziś cały garaż!,"Posprzątałam cały garaż dzisiaj, czy możesz w to uwierzyć?",0.5071434809128319,0.0605543865104477,0.8027408123016357,0.9539441466331482,0.771007723674944,0.3303164318013807,0.9277689456939697,0.9820506572723389
"I cleaned the whole garage today, can you believe it?","Posprzątałem dziś cały garaż, możesz w to uwierzyć?","Posprzątałem cały garaż dziś, nie do wiary!",Imię,0.4635786231109367,0.034052233956373766,0.8315105438232422,0.9438220262527466,0.008333333333333415,0.0,0.6318309307098389,0.31415554881095886
"I cleaned the whole garage today, can you believe it?","Posprzątałam dziś cały garaż, możesz w to uwierzyć?","Posprzątałam cały garaż dziś, czy możesz uwierzyć?",Posprzątałam cały garaż dzisiaj! Czy możesz w to uwierzyć?,0.6633449820488958,0.04049515890265692,0.9308322668075562,0.9776508212089539,0.7672708028976644,0.3303164318013807,0.9064667224884033,0.9823694229125977
"I spent the whole day fixing your laptop, and you didn't even say thank you!","Spędziłem cały dzień naprawiając twój laptop, a ty nawet nie powiedziałaś ""dziękuję""!",Spojler:,"Poświęciłem cały dzień na naprawianie twojego laptopa, a ty nawet mi nie podziękowałaś!",0.024839714942857558,0.0,0.6048262119293213,0.40129974484443665,0.5053771379876041,0.10120193244194395,0.8168861269950867,0.9462190270423889
"I spent the whole day fixing your laptop, and you didn't even say thank you!","Spędziłam cały dzień naprawiając twój laptop, a ty nawet nie powiedziałeś ""dziękuję""!","No, ale spędziłam cały dzień naprawiając twój laptop, a ty nawet nie powiedziałeś ""dziękuję""!","Spędziłam cały dzień naprawiając twój laptop, a ty nawet mi nie podziękowałeś!",0.977796136151976,0.7577395672414201,0.9652053117752075,0.9603350162506104,0.7441279742975667,0.7292571723872933,0.9190070033073425,0.9550111889839172
"I spent the whole day fixing your laptop, and you didn't even say thank you!","Spędziłem cały dzień naprawiając twój laptop, a ty nawet nie powiedziałeś ""dziękuję""!",Spojler:,"Poświęciłem cały dzień na naprawianie twojego laptopa, a ty nawet mi nie podziękowałeś!",0.024839714942857558,0.0,0.6061131358146667,0.3889741897583008,0.5053771379876041,0.10120193244194395,0.8121830821037292,0.9472143054008484
"I spent the whole day fixing your laptop, and you didn't even say thank you!","Spędziłam cały dzień naprawiając twój laptop, a ty nawet nie powiedziałaś ""dziękuję""!","Poświęciłam cały dzień na naprawianie twojego laptopa, a ty nawet nie powiedziałaś dziękuję!","Poświęciłam cały dzień na naprawianie twojego laptopa, a ty nawet nie powiedziałaś ""dziękuję""!",0.6791831001268284,0.33260249505555045,0.8703876733779907,0.9504299163818359,0.7517555670440433,0.42803206067505944,0.9009383916854858,0.9564827084541321
"I stayed up all night helping you with your project, and now you don't even remember it?","Siedziałem całą noc pomagając ci z projektem, a teraz nawet tego nie pamiętasz?","Nie spałem całą noc, pomagając ci z twoim projektem, a teraz nawet nie pamiętasz tego?","Pomagałem ci przez całą noc z tym projektem, a teraz nawet tego nie pamiętasz?",0.7428679780631947,0.2533654946448647,0.90505051612854,0.9388956427574158,0.7100265121190775,0.5031747626530138,0.9071680903434753,0.9547622799873352
"I stayed up all night helping you with your project, and now you don't even remember it?","Siedziałam całą noc pomagając ci z projektem, a teraz nawet tego nie pamiętasz?","Nie spałam całą noc, pomagając ci z twoim projektem, a teraz nawet tego nie pamiętasz?","Pomagałam panu całą noc z tym projektem, a teraz pan nawet tego nie pamięta?",0.8314859905740272,0.5038920485259633,0.9334794282913208,0.9412270784378052,0.6102510399896585,0.13912311644176573,0.8772366642951965,0.9376444816589355
"I stayed up all night helping you with your project, and now you don't even remember it?","Siedziałem całą noc pomagając ci z projektem, a teraz nawet tego nie pamiętasz?","Nie spałem całą noc pomagając ci z twoim projektem, a teraz nawet nie pamiętasz?","Nie spałem całą noc pomagając ci przy twoim projekcie, a teraz nawet nie pamiętasz o tym?",0.7808378202335833,0.48415247130346006,0.9183970093727112,0.9071419835090637,0.6689837494806986,0.22894156860669912,0.8785513639450073,0.9386849403381348
"I stayed up all night helping you with your project, and now you don't even remember it?","Siedziałam całą noc pomagając ci z projektem, a teraz nawet tego nie pamiętasz?","Spędziłam całą noc bez snu, pomagając ci z twoim projektem, i teraz nawet nie pamiętasz?","Nie spałam całą noc pomagając ci z twoim projektem, a teraz nawet tego nie pamiętasz?",0.6760826572359194,0.11114924776032006,0.9039884209632874,0.9088802933692932,0.8720060152500216,0.6475445426291286,0.9453250765800476,0.9400542974472046
"I picked up your parcel from the post office, did you forget to thank me again?","Odebrałem twoją paczkę z poczty, znowu zapomniałaś mi podziękować?","Odebrałem twoją paczkę z poczty, czy zapomniałaś znów mi podziękować?","Odebrałem twoją paczkę z poczty, czy znów zapomniałaś mi podziękować?",0.8263252274740388,0.4671379777282001,0.950471043586731,0.9519041776657104,0.8721924329065335,0.5253819788848316,0.9640407562255859,0.9693586826324463
"I picked up your parcel from the post office, did you forget to thank me again?","Odebrałam twoją paczkę z poczty, znowu zapomniałeś mi podziękować?","Odebrałam twoją paczkę z poczty, czy znów zapomniałeś mi podziękować?","Odebrałam twoją paczkę z poczty, czy znów zapomniałeś mi podziękować?",0.8721924329065335,0.5253819788848316,0.9635249376296997,0.9702739715576172,0.8721924329065335,0.5253819788848316,0.9635249376296997,0.9702739715576172
"I picked up your parcel from the post office, did you forget to thank me again?","Odebrałem twoją paczkę z poczty, znowu zapomniałeś mi podziękować?","Odebrałem twoją paczkę z poczty, czy znów zapomniałeś mi podziękować?","Podniosłem twoją paczkę z poczty, czy zapomniałeś ponownie mi podziękować?",0.8721924329065335,0.5253819788848316,0.9630495309829712,0.9681633710861206,0.7264744973678628,0.32466791547509893,0.9310303330421448,0.9050937294960022
"I picked up your parcel from the post office, did you forget to thank me again?","Odebrałam twoją paczkę z poczty, znowu zapomniałaś mi podziękować?","Odebrałam twoją paczkę z poczty, czy znów zapomniałaś mi podziękować?","Odebrałam twoją paczkę z poczty, ale chyba znów zapomniałaś mi podziękować.",0.8721924329065335,0.5253819788848316,0.9654428958892822,0.9711201786994934,0.8466289806639001,0.40352786374639904,0.9146168231964111,0.9589257836341858
"I waited for you for almost an hour in the rain, and you just texted ""sorry""?","Czekałem na ciebie prawie godzinę w deszczu, a ty tylko napisałaś „sorry”?","Czekałem dla ciebie prawie godzinę w deszczu, a ty tylko napisałaś ""przepraszam""?","Czekałem na ciebie prawie godzinę w deszczu, a ty tylko napisałaś ""przepraszam""?",0.8101840976321163,0.7292571723872933,0.8879520893096924,0.9422439336776733,0.8696192003429517,0.9036020036098448,0.9022030234336853,0.9627999663352966
"I waited for you for almost an hour in the rain, and you just texted ""sorry""?","Czekałam na ciebie prawie godzinę w deszczu, a ty tylko napisałeś „sorry”?","Czekałam na ciebie prawie godzinę w deszczu, a ty tylko napisałeś ""przepraszam""?","Czekałam na ciebie prawie godzinę w deszczu, a ty tylko napisałeś ""przepraszam""?",0.8696192003429517,0.9036020036098448,0.9056382179260254,0.9569398760795593,0.8696192003429517,0.9036020036098448,0.9056382179260254,0.9569398760795593
"I waited for you for almost an hour in the rain, and you just texted ""sorry""?","Czekałem na ciebie prawie godzinę w deszczu, a ty tylko napisałeś „sorry”?","Czekałem na ciebie prawie godzinę w deszczu, a ty teraz piszesz ""przepraszam""?","Czekałem na ciebie prawie godzinę w deszczu, a ty tylko napisałeś ""przepraszam""?",0.6826719882253206,0.7102992180127422,0.8513783812522888,0.939431369304657,0.8696192003429517,0.9036020036098448,0.9021173119544983,0.9584593772888184
"I waited for you for almost an hour in the rain, and you just texted ""sorry""?","Czekałam na ciebie prawie godzinę w deszczu, a ty tylko napisałaś „sorry”?","Czekałam na ciebie prawie godzinę w deszczu, i ty tylko napisałaś 'przepraszam'?","Czekałam na ciebie prawie godzinę w deszczu, a ty tylko napisałaś ""przepraszam""?",0.814129454159875,0.6340466277046861,0.9005464911460876,0.958831787109375,0.8696192003429517,0.9036020036098448,0.9061245918273926,0.9626136422157288
"I thought we agreed to clean the house together today, so why am I doing everything alone?","Myślałem, że umówiliśmy się na wspólne sprzątanie, więc czemu wszystko robię sam?","Myślałem, że się umówiliśmy na sprzątanie dzisiaj, więc dlaczego robię wszystko sam?","Myślałem, że się umówiliśmy, że dziś razem sprzątamy dom, więc dlaczego robię wszystko sam?",0.5774435876537506,0.052463410228614595,0.9080643653869629,0.9623059630393982,0.5364303096192761,0.04131551591106297,0.8838015198707581,0.957686722278595
"I thought we agreed to clean the house together today, so why am I doing everything alone?","Myślałam, że umówiliśmy się na wspólne sprzątanie, więc czemu wszystko robię sama?","Myślałam, że się umówiliśmy, że razem posprzątamy dom dzisiaj, więc dlaczego robię wszystko sama?","Myślałam, że mieliśmy dziś posprzątać dom razem, a tymczasem ja robię wszystko sama!",0.5414759650126646,0.04131551591106297,0.8581465482711792,0.9426532983779907,0.4058520438151125,0.039073802494525016,0.8370567560195923,0.9098100662231445
"I thought we agreed to clean the house together today, so why am I doing everything alone?","Myślałem, że umówiliśmy się na wspólne sprzątanie, więc czemu wszystko robię sam?","Myślałem, że się umówiliśmy żeby sprzątać dom razem dzisiaj, dlaczego ja robię wszystko sam?","Myślałem, że umówiliśmy się na sprzątanie dzisiaj razem, więc dlaczego robimy to sami?",0.49686312277102324,0.04131551591106297,0.8502066135406494,0.9519023299217224,0.5804555242761341,0.3026643726685863,0.8934957385063171,0.9500806331634521
"I thought we agreed to clean the house together today, so why am I doing everything alone?","Myślałam, że umówiliśmy się na wspólne sprzątanie, więc czemu wszystko robię sama?","Myślałam, że umówiłyśmy się na sprzątanie domu razem dzisiaj, więc dlaczego ja robię wszystko sama?","Proszę Pani, myślałam, że umówiłyśmy się na wspólne sprzątanie domu dzisiaj, a tymczasem robię wszystko sama. Czy mogłaby Pani mi pomóc?",0.596037894769403,0.04701040821391918,0.8863740563392639,0.9653769135475159,0.6405418393697805,0.0537621294693616,0.8377124071121216,0.890321671962738
